{
  "Component.js": 1615278976939,
  "controller/Suppliers.controller.js": 1615278976947,
  "model/models.js": 1615278976943,
  "manifest.json": 1615281906594,
  "i18n/i18n.properties": 1615278976943,
  "manifest-bundle.zip": 1615281906417,
  "Component-preload.js": 1615281906574,
  "controller/Suppliers-dbg.controller.js": 1615278976947,
  "model/models-dbg.js": 1615278976943,
  "Component-dbg.js": 1615278976939,
  "resources.json": 1615281906597,
  "view/Suppliers.view.xml": 1615279336231,
  "css/style.css": 1615278976943,
  "index.html": 1615281887894
}